"Timestamp","Name ","SD/SW","Regimental number","Fathers Name","Phone number","email id","Address","DOB","Blood Group","veg/non veg","Swimmer?","USN","DEPT","Photo in uniform {should have regimental no on it}"
"2023/10/29 5:51:34 PM GMT+5:30","Apoorva Kulkarni ","SW","KA22SWA192561","Kashinath Rao Kulkarni ","9113543450","apoorvak2003@gmail.com","Udgi road near NT college Sedam dist Kalaburgi 585222","2003-02-21","O+ve","veg","Swimmer","1NH21EE018","EEE ","https://drive.google.com/u/0/open?usp=forms_web&id=1kzrIQSqbbmhhxju1j4ti40driI4n-gRa"
"2023/10/29 6:12:37 PM GMT+5:30","Yuvrajsingh Rajaput ","SD","KA22SDA192560","Nagendrasingh Rajaput ","7348871129","yuvrajrajputsingh45@gmail.com","Shivram karant nagar, teachers colony,Examba 591244 tal-Chikokdi dist-belgaum ","2003-07-12","O +ve","non veg","Swimmer","1NH21ME084","ME","https://drive.google.com/u/0/open?usp=forms_web&id=1HRXXw2Pun7kAquq_vVVaJ0X7VRw_T9pZ"
"2023/10/29 6:14:49 PM GMT+5:30","Nabil khan","SD","KA22SDA192548","Inayathulla khan ","8310597336","nabbunabilkhan007@gmail.com","Near maruti extension malur taluk, kolar , Karnataka   563130","2003-02-11","AB+","non veg","Non swimmer","1NH21AI136","AIML","https://drive.google.com/u/0/open?usp=forms_web&id=1j2VbjYcRm2vXWkI58pLSgs6AF6xAbt8w"
"2023/10/29 6:32:07 PM GMT+5:30","Amod S Kulkarni","SD","KA22SDA192538","Shrinivas P Kulkarni","8095588396","amod.kulkarni19@gmail.com","C 705 Rohan Vasantha, Marathahalli, Bengaluru-560037","2003-06-02","B+","veg","Swimmer","1NH21EE013","EEE","https://drive.google.com/u/0/open?usp=forms_web&id=12gXCTwL--e4oaWfpG2uDT7VS6syLGTzB"
"2023/10/29 6:46:02 PM GMT+5:30","Sagargouda Patil ","SD","KA22SDA192553","Krishnagouda patil","7337665993","sagargoudakpatil@gmail.com","Sri venkateshwar nilay , ishwara badavane gadag","2003-04-25","A+","veg","Non swimmer","1NH21EC134","EC","https://drive.google.com/u/0/open?usp=forms_web&id=1U_KClYh5DoA8AmgeMDmDKgNSPIT8aYxT"
"2023/10/29 7:04:39 PM GMT+5:30","Y Sai Siva Sri Charan","SD","KA22SDA192559","Y Sri Rama Rao","9160311448","ysssc601@gmail.com ","Radha Residency, 1st Main D Cross, Vijaya Bank Colony Ext, Horamavu, Bangalore","2003-11-03","AB+","non veg","Non swimmer","1NH21IS185","ISE","https://drive.google.com/u/0/open?usp=forms_web&id=1yHjaGM7lYJHZDqvsN1CG1hJgKeHMkkx2"
"2023/10/29 7:14:55 PM GMT+5:30","Harshith N","SD","KA22SDA192543","Narayanappa ","9353890899","harshithn230@gmail.com","1st Main  1 St cross Reddy Palya","2002-12-30","O+","non veg","Non swimmer","1NH21CV023","Civil ","https://drive.google.com/u/0/open?usp=forms_web&id=1HGWPxkdofhSVUavqVvzXtGvf3z3PI8hl"
"2023/10/29 7:39:00 PM GMT+5:30","Aneelkumar Madarkhandi ","SD","KA22SDA192539","Neelesh Madarkhandi ","9606111782","aneelkumarmadarkhandi@gmail.com","#66,Lingrajnagar south HUBLI-580031","2002-08-25","B+","non veg","Swimmer","1NH21EE015","Electrical and Electronics","https://drive.google.com/u/0/open?usp=forms_web&id=1wtHp6rwhsi4M2JxN88RNLBrMU7lM9t7U"
"2023/10/29 7:39:26 PM GMT+5:30","Beergond Shergar ","SD","KA22SDA192541","Baburao ","8123937522","SHARGARBEERGOND03@GMAIL.COM","Bidar","2004-01-03","O negative ","non veg","Non swimmer","1NH21ME009","Mechanical Engineering ","https://drive.google.com/u/0/open?usp=forms_web&id=1fTBRoPnczc3EOYfYZCe68NiaF6yaaVkX"
"2023/10/29 7:45:52 PM GMT+5:30","Keerthi T E","SD","KA22SDA192546","Eshwarappa","8660064353","keerthite@gmail.com","Thalaluthore, T. Kodihalli(post), Arsikere(taluk), Hassan-573103","2003-06-02","O+  positive","veg","Swimmer","1NH21EE042","Electrical and Electronics Engineering","https://drive.google.com/u/0/open?usp=forms_web&id=1U8wFuDnYX0m9sPhW5e-Mdjt1geoBul_Q"
"2023/10/29 7:51:28 PM GMT+5:30","Kumargouda Patil","SD","KA22SDA192547","Mallangouda Patil","7829051080","kpatil1080@gmail.com","733/B/26/27 harkuni layout, behind LIC office, Bailhonga, Belgaum- 591102","2002-02-11","A+","non veg","Swimmer","1NH21EC081","ECE","https://drive.google.com/u/0/open?usp=forms_web&id=16edFrpbfAl27AolYtKQ-ZgtTshUBxEPr"
"2023/10/29 8:54:17 PM GMT+5:30","Prakash Raj M ","SD","KA22SDA192550","Muniyandi G","06363707595","prakashrajm313@gmail.com","#16/1, 4th cross,
Kallappa block,
Ramachandrapuram,
Bengaluru-21","2003-12-15","O+ve","non veg","Non swimmer","1NH21EE081","EEE ","https://drive.google.com/u/0/open?usp=forms_web&id=1EQrzc4fN-DNnFGV_ZJSqi923CUg8c-nL"
"2023/10/29 9:48:06 PM GMT+5:30","Cdt Arpitha Vinod ","SW","KA22SWA192562","Vinod K P","7619133438","Vminu03@gmail.com","733/B , 4h Main , K R Garden , Murugeshpalya, Bangalore - 560017","2003-06-30","B +ve ","non veg","Swimmer","1NH21CS032 ","CSE","https://drive.google.com/u/0/open?usp=forms_web&id=1Za5b81wUcr__M28n-ZQKfnrx53iATD9_"
"2023/10/29 10:08:16 PM GMT+5:30","Naveen Kumar S ","SD","KA22SDA192549","Shiva Kumar V ","7619544414","naveenkumars2k03@gmail.com","32/49, 3rd cross,muneshwara layout, kudlu main road, kudlu gate , Bangalore - 560068","2003-05-17","O positive ","non veg","Non swimmer","1NH21EC107","Electronics and communication engineering ","https://drive.google.com/u/0/open?usp=forms_web&id=1tkhqAK1ktMgeHOD3T9sLQ9XBltiOE77g"
"2023/10/29 11:50:52 PM GMT+5:30","G PRANATHI ","SW","KA22SWA192565","G RAJENDRA PRASAD ","9108411119","pranathigundlapalli9324@gmail.com","#401,kb homes green garden layout , kundnahalli gate , banglore,560037","2004-03-09","A","non veg","Non swimmer","1NH21EC055","ECE","https://drive.google.com/u/0/open?usp=forms_web&id=1hAbceMCBkLNiZvQFIDHUfN7KMWsdBy5S"
"2023/10/30 8:04:50 AM GMT+5:30","Bandi Pranaya Sindhu","SW","KA22SWA192564","B Nagarjunudu","9618898082","pranayasindhubandi@gmail.com","10-54-3, Narayanamma Colony, Penukonda, Sri Satya Sai dist, Andhra Pradesh","2004-08-17","O+","non veg","Non swimmer","1NH21IS035","ISE","https://drive.google.com/u/0/open?usp=forms_web&id=18Z-e5RBTMQdNrl8Q31FhTRhLh8hOlgSJ"
"2023/10/30 8:32:07 AM GMT+5:30","Vishwa K","SD","KA22SDA192558","Kirubanandam V","9916065579","vishwa.prabhak@gmail.com","13/A Silicon town , Electronic city phase 2, Bengaluru,Karnataka  560100","2004-01-31","O -ve","non veg","Non swimmer","1NH21IS184 ","ISE","https://drive.google.com/u/0/open?usp=forms_web&id=1xBWGZD-djUgH99VvRaNewYqu491oBFxf"
"2023/10/30 9:50:20 AM GMT+5:30","K Rakesh ","SD","KA22SDA192545","K Krishnan","6360826098","rakesh.k636082@gmail.com ","#140, Venkataswamy layout, Doddanagamangala, near brenwoods appartment, electronic city, Bangalore - 560100","2002-08-15","O-ve","non veg","Swimmer","1NH21ME031","Mechanical ","https://drive.google.com/u/0/open?usp=forms_web&id=10jf5OcLcVLGwNLj6MBGfS18b71pS-se4"
"2023/10/30 9:04:52 PM GMT+5:30","ASHIKA TABASSUM ","SW","KA22SWA192563 ","HYDER BAIG ","7760542154","ashikatabassum01@gmail.com","39/10/1,Bazzar street cross,nilasandra,bangalore,Karnataka-560047","2004-03-01","A+","non veg","Non swimmer","1NH21IS028 ","ISE","https://drive.google.com/u/0/open?usp=forms_web&id=1y4ntqSt0VmwEgTRLGtnsvmJj-hncQdaV"